JPM,XOM,CRM,AMZN,TSLA,TWTR,AAPL,ORCL,GOOG,ZM,MCD,NKE,SBUX,T,KO
155.28256225585938,51.44331359863281,268.32000732421875,173.9499969482422,244.69667053222656,65.55000305175781,151.66017150878906,88.56231689453125,145.8419952392578,290.8599853515625,232.9534912109375,163.01748657226562,114.88739013671875,18.961118698120117,54.61262893676758
156.00201416015625,52.69663619995117,264.1499938964844,173.156005859375,244.1300048828125,64.5999984741211,152.79380798339844,88.4146499633789,144.218994140625,295.0899963378906,234.63595581054688,162.13584899902344,114.80914306640625,19.27492904663086,54.689697265625
155.05894470214844,52.49571228027344,267.0799865722656,173.90249633789062,244.52333068847656,64.66000366210938,153.440185546875,88.61155700683594,144.77499389648438,298.2900085449219,233.60887145996094,161.75938415527344,114.6330795288086,19.219139099121094,54.651161193847656
154.78672790527344,52.18955993652344,265.2099914550781,175.46449279785156,250.97332763671875,64.9800033569336,155.81687927246094,87.35130310058594,145.5189971923828,299.9599914550781,231.03627014160156,161.115478515625,113.26361846923828,19.121511459350586,53.6300048828125
154.09645080566406,51.7111930847168,262.6199951171875,176.27499389648438,251.2899932861328,62.27000045776367,154.2456817626953,88.08973693847656,144.8834991455078,293.6000061035156,233.41323852539062,159.20358276367188,115.46453094482422,19.247034072875977,54.352516174316406
154.7672882080078,51.74946594238281,260.739990234375,174.20799255371094,251.6199951171875,62.459999084472656,153.2114715576172,88.15865325927734,144.9134979248047,295.8599853515625,233.40345764160156,161.80892944335938,116.19815826416016,19.121511459350586,53.81304168701172
152.98812866210938,51.64422607421875,257.20001220703125,173.45750427246094,245.42333984375,61.560001373291016,148.139892578125,88.29649353027344,141.92100524902344,301.5,233.96102905273438,162.0565948486328,116.73616027832031,18.954145431518555,53.572200775146484
155.41867065429688,52.97407531738281,254.11000061035156,172.85850524902344,247.6666717529297,59.65999984741211,148.71665954589844,87.51868438720703,143.46499633789062,290.239990234375,235.94674682617188,158.02474975585938,116.57965850830078,19.191246032714844,54.015342712402344
152.70619201660156,52.21826934814453,254.3699951171875,172.5,248.163330078125,60.189998626708984,147.29461669921875,85.0572509765625,143.406005859375,281.44000244140625,235.86846923828125,157.27186584472656,116.26663208007812,19.058752059936523,54.05416488647461
153.7659149169922,53.978641510009766,256.1600036621094,173.7895050048828,251.94332885742188,61.84000015258789,148.19955444335938,86.37657928466797,145.20599365234375,279.1199951171875,235.72174072265625,156.42984008789062,112.13871002197266,19.22611427307129,54.238590240478516
153.69784545898438,53.40460968017578,260.3599853515625,174.41200256347656,252.3300018310547,62.290000915527344,147.96087646484375,85.90399169921875,144.37350463867188,278.2200012207031,237.903076171875,156.12274169921875,112.16805267333984,19.247034072875977,53.72415542602539
153.29922485351562,52.77316665649414,260.5299987792969,173.12600708007812,253.163330078125,62.470001220703125,145.24609375,85.0572509765625,141.4635009765625,287.67999267578125,237.1988067626953,154.95379638671875,110.93555450439453,19.198217391967773,52.84088897705078
148.7103729248047,51.36677169799805,258.2200012207031,167.7864990234375,243.38999938964844,60.95000076293945,142.1434783935547,84.84064483642578,139.01699829101562,280.6700134277344,233.87298583984375,152.8041229248047,109.3802490234375,18.975067138671875,52.47205352783203
148.72982788085938,51.31893539428711,257.9700012207031,167.18150329589844,246.4600067138672,62.779998779296875,142.63075256347656,85.5790786743164,139.64649963378906,278.239990234375,235.25221252441406,153.56692504882812,109.77151489257812,18.80072593688965,52.46234130859375
151.5784149169922,52.82100296020508,259.1700134277344,169.00250244140625,250.64666748046875,64.25,145.03726196289062,87.07563018798828,140.93850708007812,277.95001220703125,237.82484436035156,155.96424865722656,110.60297393798828,18.835596084594727,52.53999328613281
156.70199584960938,54.61008834838867,277.8599853515625,170.8000030517578,251.2133331298828,66.69000244140625,146.01182556152344,88.0405044555664,141.82650756835938,276.19000244140625,239.43881225585938,158.08416748046875,111.64962005615234,18.961118698120117,52.452640533447266
158.5103302001953,55.098018646240234,285.6300048828125,171.2760009765625,258.1300048828125,67.22000122070312,146.10130310058594,88.55248260498047,142.63299560546875,272.3599853515625,241.04302978515625,148.1878204345703,111.62027740478516,18.91927719116211,52.30704116821289
162.3408660888672,56.73402404785156,279.67999267578125,170.2899932861328,263.78668212890625,65.37000274658203,144.55995178222656,89.6355209350586,141.50100708007812,272.8800048828125,242.6961669921875,146.65234375,111.19964599609375,19.10756492614746,52.03527069091797
161.4658660888672,57.32719421386719,272.2799987792969,165.79800415039062,259.1866760253906,62.45000076293945,141.11924743652344,89.093994140625,136.1840057373047,261.8900146484375,238.45086669921875,143.9380340576172,109.27263641357422,18.995986938476562,51.0937614440918
161.3394775390625,57.2889289855957,270.5,165.05599975585938,260.4366760253906,60.06999969482422,142.0341033935547,89.84226989746094,134.52099609375,257.4100036621094,238.94973754882812,144.65127563476562,109.72260284423828,19.10756492614746,51.404361724853516
159.14227294921875,56.2747917175293,271.2200012207031,164.2519989013672,258.49334716796875,60.38999938964844,140.71151733398438,85.78582763671875,133.2655029296875,261.5,235.8489227294922,143.86868286132812,107.90318298339844,18.835596084594727,50.92875289916992
162.4866943359375,58.293487548828125,275.260009765625,164.16299438476562,258.40667724609375,61.97999954223633,141.8551025390625,88.3555679321289,136.46249389648438,267.510009765625,237.6291961669922,145.68153381347656,110.45623779296875,18.94019889831543,51.46260070800781
162.3116912841797,59.04930877685547,270.8599853515625,159.48899841308594,260.510009765625,58.38999938964844,138.3646697998047,87.88297271728516,133.76499938964844,259.5799865722656,237.7759246826172,145.7607879638672,109.0280990600586,19.002960205078125,51.4334831237793
164.9622802734375,58.953636169433594,271.7699890136719,161.0500030517578,260.1966552734375,59.86000061035156,140.3236846923828,90.07856750488281,136.177001953125,257.1199951171875,239.86923217773438,148.0590362548828,108.43140411376953,19.072696685791016,51.520835876464844
165.31439208984375,57.872535705566406,275.2699890136719,163.10049438476562,260.9166564941406,61.290000915527344,141.208740234375,89.93087768554688,137.35400390625,253.64999389648438,241.70822143554688,147.4052276611328,109.20416259765625,19.0447998046875,52.132328033447266
166.3609161376953,58.03517532348633,274.5799865722656,165.1215057373047,264.53668212890625,63.970001220703125,142.49154663085938,90.88591766357422,139.1855010986328,256.2699890136719,242.90158081054688,150.4266357421875,109.76172637939453,19.379947662353516,52.297340393066406
166.48806762695312,59.48940658569336,272.4800109863281,164.43099975585938,261.8299865722656,63.68000030517578,142.10369873046875,93.25711059570312,140.05599975585938,255.0500030517578,242.29510498046875,151.0507354736328,108.79332733154297,19.15102195739746,52.5302848815918
162.98655700683594,58.89623260498047,273.75,162.31500244140625,263.9800109863281,62.099998474121094,142.0142059326172,94.14631652832031,138.84750366210938,253.97000122070312,241.19955444335938,148.87135314941406,108.51943969726562,18.62163543701172,52.637054443359375
161.734619140625,58.590084075927734,279.0,162.3665008544922,268.5733337402344,61.45000076293945,140.72145080566406,94.42295837402344,136.71299743652344,255.49000549316406,239.1845245361328,151.91258239746094,108.578125,18.192398071289062,52.637054443359375
157.47019958496094,58.42743682861328,284.4100036621094,164.21400451660156,270.3599853515625,62.20000076293945,140.12478637695312,95.24299621582031,137.89999389648438,266.239990234375,237.35528564453125,154.83493041992188,108.34336853027344,18.099395751953125,52.646766662597656
159.8860626220703,59.31719207763672,290.0199890136719,164.9929962158203,272.7733459472656,63.16999816894531,142.95892333984375,94.13643646240234,141.41200256347656,267.010009765625,239.21385192871094,155.6670379638672,109.42915344238281,18.328323364257812,53.00589370727539
162.95721435546875,59.88166809082031,291.6600036621094,170.4510040283203,281.010009765625,62.77000045776367,144.03289794921875,94.18583679199219,141.6750030517578,266.32000732421875,236.9640350341797,156.5288848876953,109.01830291748047,18.38555145263672,52.87971115112305
162.89852905273438,59.85295867919922,291.70001220703125,172.33700561523438,290.03668212890625,64.83999633789062,145.73336791992188,95.35167694091797,142.9604949951172,274.2300109863281,236.9738006591797,157.93556213378906,110.89643096923828,18.120859146118164,52.35557556152344
164.87425231933594,60.75228500366211,292.3399963378906,172.20750427246094,288.0899963378906,66.11000061035156,147.93106079101562,95.89507293701172,143.82200622558594,276.3999938964844,237.47268676757812,156.34068298339844,111.0137939453125,18.306861877441406,52.55940628051758
167.09446716308594,61.08713912963867,290.0899963378906,170.7530059814453,288.6000061035156,65.80000305175781,148.4282684326172,95.48011016845703,142.4149932861328,275.7099914550781,234.48924255371094,156.9647674560547,111.37572479248047,18.53578758239746,53.025306701660156
165.78387451171875,59.97733688354492,289.80999755859375,171.75050354003906,298.0,65.4000015258789,148.6470489501953,95.14419555664062,142.78050231933594,274.7799987792969,236.13258361816406,160.65980529785156,111.94307708740234,18.428478240966797,52.75353240966797
168.0138702392578,60.38872528076172,292.55999755859375,166.77749633789062,303.2266540527344,62.2400016784668,147.8614501953125,97.07079315185547,138.625,277.5799865722656,233.2371826171875,161.94760131835938,112.05067443847656,18.235321044921875,52.85059356689453
167.19227600097656,61.56550598144531,293.9200134277344,166.01849365234375,341.6199951171875,62.11000061035156,147.81173706054688,96.7151107788086,138.7729949951172,279.7900085449219,232.16114807128906,162.68067932128906,112.20718383789062,18.34263038635254,52.637054443359375
167.64218139648438,62.99102783203125,295.1099853515625,168.80349731445312,339.4766540527344,61.43000030517578,148.48794555664062,95.81603240966797,139.6719970703125,278.70001220703125,231.26123046875,162.25469970703125,112.41260528564453,18.14947509765625,52.87001037597656
164.15048217773438,61.355018615722656,295.1499938964844,169.62449645996094,345.9533386230469,54.810001373291016,148.02056884765625,94.87743377685547,146.42750549316406,272.80999755859375,237.43356323242188,160.82821655273438,111.03335571289062,17.927703857421875,53.88916778564453
166.625,61.5272331237793,298.3800048828125,172.32850646972656,359.0133361816406,54.290000915527344,151.71983337402344,95.07504272460938,146.12899780273438,276.5799865722656,240.14309692382812,162.91845703125,110.7301254272461,18.278244018554688,54.393890380859375
166.16531372070312,61.68031311035156,299.69000244140625,168.6215057373047,371.3333435058594,53.540000915527344,148.9652557373047,94.78852081298828,148.27049255371094,274.6499938964844,240.19203186035156,165.72190856933594,103.75569915771484,18.070783615112305,54.71419143676758
166.07728576660156,62.79011154174805,302.760009765625,165.90550231933594,402.86334228515625,55.11000061035156,148.1299591064453,93.24723052978516,143.7740020751953,278.94000244140625,245.11228942871094,164.77090454101562,107.40431213378906,18.14947509765625,54.52006530761719
166.73260498046875,62.015167236328125,302.95001220703125,165.6374969482422,390.6666564941406,53.9900016784668,149.1840362548828,94.71935272216797,145.86300659179688,280.2900085449219,243.801513671875,166.25686645507812,109.01830291748047,18.049320220947266,54.45212173461914
166.79127502441406,61.16367721557617,302.8900146484375,169.1999969482422,404.6199951171875,54.529998779296875,150.64584350585938,94.9959945678711,146.7899932861328,285.6600036621094,244.93618774414062,170.88307189941406,110.15299987792969,18.0135498046875,54.63654708862305
164.6003875732422,61.6229133605957,308.0400085449219,173.85000610351562,409.9700012207031,53.68000030517578,150.11878967285156,94.48223114013672,148.68299865722656,282.20001220703125,247.92942810058594,173.79551696777344,109.71282958984375,17.741701126098633,54.93743896484375
164.36566162109375,62.20651626586914,307.25,175.94949340820312,407.36334228515625,53.150001525878906,150.6565704345703,93.81039428710938,149.24099731445312,264.70001220703125,249.15216064453125,175.84609985351562,114.35918426513672,17.95631980895996,55.17039108276367
165.35350036621094,62.876224517822266,309.9599914550781,174.44900512695312,387.64666748046875,54.08000183105469,149.82003784179688,93.99811553955078,149.35150146484375,259.8999938964844,247.57728576660156,170.2391815185547,112.64736938476562,17.798933029174805,54.675376892089844
164.1015625,63.488529205322266,309.7099914550781,178.81149291992188,341.1666564941406,53.70000076293945,150.18850708007812,93.4547119140625,149.24850463867188,258.3999938964844,247.1370849609375,172.1907196044922,111.63983917236328,17.67731475830078,54.83067321777344
163.945068359375,62.237770080566406,299.6700134277344,174.1024932861328,355.98333740234375,52.33000183105469,147.3104248046875,92.70384216308594,146.62600708007812,251.25999450683594,247.60662841796875,166.6828155517578,111.25669860839844,17.849010467529297,55.05391311645508
163.93528747558594,62.3541145324707,302.9800109863281,173.625,354.5033264160156,51.97999954223633,147.2606201171875,92.91131591796875,146.7480010986328,247.60000610351562,244.70143127441406,165.4049072265625,109.47856140136719,17.82754898071289,55.07332992553711
163.20175170898438,61.87902069091797,306.6499938964844,176.25750732421875,344.47332763671875,52.25,149.37188720703125,92.41732025146484,149.64549255371094,254.97000122070312,245.20030212402344,167.5050506591797,109.75362396240234,17.84185791015625,54.9471435546875
162.90830993652344,62.412296295166016,305.489990234375,177.28399658203125,337.7966613769531,52.95000076293945,149.3818359375,92.89155578613281,149.38800048828125,263.7099914550781,247.4207763671875,167.26730346679688,109.90099334716797,17.741701126098633,54.95684814453125
161.734619140625,63.042518615722656,307.0899963378906,177.03500366210938,351.57666015625,52.11000061035156,150.3777313232422,94.46247863769531,149.0760040283203,264.489990234375,246.9512481689453,170.2193603515625,110.25465393066406,17.64154815673828,54.568603515625
160.8641357421875,62.3541145324707,308.0199890136719,177.4499969482422,363.0033264160156,50.61000061035156,152.8574676513672,94.18583679199219,149.06199645996094,263.7099914550781,247.17623901367188,170.13018798828125,110.53954315185547,17.64154815673828,54.267704010009766
159.47528076171875,61.67540740966797,302.989990234375,184.80299377441406,365.4599914550781,48.599998474121094,157.2194061279297,93.52388000488281,150.70899963378906,255.75,247.94898986816406,169.74386596679688,110.91285705566406,17.44839096069336,53.78239822387695
157.3919677734375,58.8248176574707,301.1700134277344,183.82850646972656,379.0199890136719,48.400001525878906,159.8883819580078,92.8421630859375,149.95249938964844,251.3000030517578,246.45236206054688,173.2407684326172,108.8301773071289,17.26239013671875,53.510616302490234
160.7467803955078,59.6392707824707,296.8399963378906,178.6284942626953,385.6233215332031,47.310001373291016,160.35643005371094,93.47447967529297,147.07850646972656,242.27999877929688,247.94898986816406,172.6067657470703,109.48837280273438,17.670162200927734,53.84063720703125
164.59060668945312,61.21000671386719,291.4200134277344,179.0019989013672,369.6766662597656,47.13999938964844,160.7448272705078,91.82452392578125,146.7570037841797,206.63999938964844,250.07164001464844,170.53636169433594,111.58089447021484,17.713085174560547,54.238590240478516
163.29954528808594,61.54936218261719,289.1700134277344,179.02049255371094,372.0,47.52000045776367,161.27264404296875,92.45684051513672,146.71749877929688,208.3000030517578,251.49977111816406,170.41748046875,111.96402740478516,17.5056209564209,53.80181121826172
158.37982177734375,59.38718032836914,284.2099914550781,175.22799682617188,360.6400146484375,47.06999969482422,156.16378784179688,91.22183990478516,142.80599975585938,220.2100067138672,244.55470275878906,166.445068359375,108.71228790283203,17.32677459716797,52.1517448425293
157.69515991210938,59.71683883666992,296.739990234375,178.07850646972656,378.9966735839844,45.779998779296875,159.57965087890625,91.82452392578125,146.11399841308594,218.97999572753906,244.83839416503906,168.27772521972656,108.78105163574219,17.090696334838867,52.976776123046875
155.34779357910156,58.02006530761719,284.9599914550781,175.35350036621094,381.586669921875,43.939998626708984,164.61880493164062,89.65092468261719,142.45199584960938,211.41000366210938,240.58921813964844,167.65362548828125,107.71023559570312,16.332380294799805,51.30413818359375
154.42840576171875,57.97158432006836,251.5,172.18600463867188,365.0,42.81999969482422,164.0909881591797,88.67280578613281,141.6179962158203,197.7100067138672,240.1761016845703,165.13743591308594,106.74748992919922,15.903145790100098,51.15740966796875
157.6756134033203,59.41626739501953,261.20001220703125,171.8679962158203,361.5333251953125,42.650001525878906,163.08514404296875,88.90992736816406,143.77650451660156,191.75,244.72035217285156,168.406494140625,109.45890808105469,16.48976707458496,51.91059112548828
154.8196258544922,59.03812789916992,258.32000732421875,169.489501953125,338.3233337402344,42.06999969482422,161.1730499267578,87.18092346191406,142.52049255371094,183.9199981689453,245.24166870117188,168.94735717773438,109.28206634521484,16.7830753326416,52.370323181152344
156.6486358642578,59.70714569091797,258.75,171.36849975585938,336.336669921875,44.470001220703125,164.63873291015625,87.8725357055664,143.79649353027344,185.83999633789062,251.59571838378906,167.62745666503906,111.36476135253906,16.654308319091797,53.710391998291016
159.00579833984375,60.37615966796875,266.989990234375,176.1645050048828,350.5833435058594,44.459999084472656,170.47454833984375,88.96920776367188,148.0364990234375,189.05999755859375,255.64816284179688,169.9893798828125,114.2137222290039,16.511228561401367,54.00383758544922
157.18658447265625,60.55068588256836,266.30999755859375,176.1580047607422,356.32000732421875,45.720001220703125,174.35848999023438,87.8725357055664,148.7205047607422,194.86000061035156,255.32357788085938,168.95730590820312,114.20388793945312,16.57561492919922,53.79842758178711
156.9420623779297,60.70581817626953,264.32000732421875,174.17100524902344,334.6000061035156,46.459999084472656,173.84063720703125,87.7045669555664,148.1060028076172,188.27000427246094,258.038330078125,166.82362365722656,113.31973266601562,16.411073684692383,53.66148376464844
156.3160858154297,61.093650817871094,266.0299987792969,172.21200561523438,339.010009765625,45.560001373291016,178.7104949951172,101.3982162475586,148.6750030517578,185.25,260.62518310546875,167.7763214111328,114.67544555664062,16.339534759521484,55.05046081542969
154.45773315429688,59.75562286376953,265.760009765625,169.5675048828125,322.13665771484375,44.599998474121094,175.01577758789062,99.6791000366211,146.70449829101562,184.57000732421875,258.7760314941406,165.57318115234375,113.52603912353516,16.05337905883789,56.49812698364258
155.64122009277344,59.66836166381836,255.58999633789062,169.0915069580078,319.5033264160156,44.349998474121094,173.61158752441406,98.69110107421875,144.9705047607422,181.94000244140625,258.2153625488281,164.14410400390625,112.69100189208984,15.946067810058594,56.537254333496094
154.477294921875,59.40657424926758,260.0400085449219,173.31500244140625,325.3299865722656,44.06999969482422,178.56109619140625,102.4059829711914,147.36849975585938,183.72999572753906,260.18255615234375,162.65548706054688,112.66152954101562,15.860221862792969,56.79157638549805
156.89315795898438,59.5035285949707,253.1199951171875,168.87100219726562,308.97332763671875,43.130001068115234,171.5500946044922,101.98113250732422,144.8385009765625,182.39999389648438,261.1956787109375,161.4844512939453,111.59070587158203,16.961923599243164,57.368682861328125
153.3231658935547,58.204288482666016,252.92999267578125,170.0175018310547,310.8566589355469,43.06999969482422,170.4347381591797,95.46035766601562,142.80299377441406,199.74000549316406,257.4088439941406,160.13479614257812,106.71800994873047,17.01200294494629,56.468780517578125
150.56500244140625,57.36074447631836,247.2100067138672,167.07899475097656,299.9800109863281,42.97999954223633,169.05044555664062,90.54012298583984,142.40150451660156,197.97000122070312,257.4383239746094,155.7880401611328,106.18751525878906,17.305313110351562,56.28293228149414
152.66786193847656,58.65998840332031,252.5500030517578,170.41700744628906,312.84332275390625,44.36000061035156,172.277099609375,90.41168212890625,144.2205047607422,199.4199981689453,260.05474853515625,165.36477661132812,108.4273910522461,17.5056209564209,56.507911682128906
153.2644805908203,59.13508987426758,252.8000030517578,171.03700256347656,336.2900085449219,43.900001525878906,174.9161834716797,88.78148651123047,146.94900512695312,193.1300048828125,260.595703125,164.18380737304688,109.77327728271484,17.727392196655273,56.90895462036133
153.8122100830078,59.16417694091797,253.13999938964844,171.06849670410156,355.6666564941406,44.15999984741211,175.5535430908203,88.64317321777344,147.1425018310547,191.64999389648438,261.5891418457031,164.4120635986328,110.3921890258789,17.791780471801758,56.94807815551758
154.69248962402344,60.00771713256836,258.29998779296875,169.66949462890625,364.64666748046875,44.33000183105469,179.5868682861328,88.46532440185547,148.06399536132812,187.44000244140625,263.841552734375,166.30755615234375,112.20962524414062,17.727392196655273,57.368682861328125
155.1619415283203,59.81379699707031,255.4499969482422,170.66099548339844,362.8233337402344,43.43000030517578,178.55113220214844,87.58601379394531,146.447998046875,183.77000427246094,263.48748779296875,165.1563720703125,113.53585815429688,17.756010055541992,57.59366226196289
155.08370971679688,59.29022216796875,254.5399932861328,169.2010040283203,362.0633239746094,42.7599983215332,178.64077758789062,87.15129852294922,146.50450134277344,181.80999755859375,264.08746337890625,167.4984588623047,114.33160400390625,17.62723731994629,57.66212844848633
155.0054473876953,58.94116973876953,255.3300018310547,168.64450073242188,356.7799987792969,44.459999084472656,177.46563720703125,86.95368957519531,146.00250244140625,190.52000427246094,262.8284606933594,166.21824645996094,114.1940689086914,17.727392196655273,57.49584197998047
154.87832641601562,59.329002380371094,254.1300048828125,166.7169952392578,352.260009765625,43.220001220703125,176.83822631835938,86.16329193115234,144.67950439453125,183.91000366210938,263.67437744140625,165.40447998046875,114.91121673583984,17.598623275756836,57.916446685791016
158.1548614501953,61.6075325012207,255.4600067138672,170.4044952392578,399.9266662597656,42.65999984741211,181.2599334716797,86.84500885009766,145.07449340820312,184.25999450683594,264.17596435546875,163.41966247558594,114.62632751464844,18.192398071289062,58.00448226928711
164.15048217773438,63.92484664916992,248.22999572753906,167.52200317382812,383.1966552734375,40.849998474121094,178.95945739746094,87.77372741699219,144.41650390625,179.85000610351562,264.107177734375,165.1265869140625,112.2292709350586,18.34263038635254,58.97285461425781
161.1494598388672,64.71990203857422,227.6699981689453,164.35699462890625,362.7066650390625,39.5,174.1991424560547,85.42229461669922,137.65350341796875,174.8800048828125,262.8088073730469,161.01803588867188,108.49616241455078,18.750404357910156,59.46193313598633
162.8615264892578,66.24215698242188,229.14999389648438,163.25399780273438,354.8999938964844,39.59000015258789,171.2911834716797,85.6206283569336,137.55099487304688,176.3300018310547,265.2677917480469,159.8172149658203,109.183837890625,18.678863525390625,59.14892578125
164.4751739501953,66.78511810302734,228.30999755859375,162.5540008544922,342.32000732421875,39.66999816894531,171.4604949951172,86.7808837890625,137.00450134277344,171.60000610351562,262.6809387207031,155.7781219482422,105.67667388916016,19.316993713378906,59.011985778808594
164.6326141357422,66.38760375976562,229.6300048828125,161.48599243164062,352.7066650390625,39.970001220703125,171.48040771484375,88.5361328125,138.57400512695312,172.55999755859375,260.0743713378906,149.29769897460938,104.16377258300781,19.44190216064453,59.10979461669922
164.7998809814453,69.18000793457031,234.83999633789062,165.36199951171875,354.79998779296875,40.65999984741211,174.35848999023438,87.74280548095703,140.0175018310547,175.97000122070312,257.8219299316406,149.1587677001953,102.20880889892578,19.35373306274414,59.12936019897461
165.734619140625,68.97638702392578,237.8300018310547,165.20700073242188,368.739990234375,40.25,174.806640625,87.57421875,141.6479949951172,170.64999389648438,256.6416320800781,151.0542755126953,102.04179382324219,19.434555053710938,59.21739196777344
165.52798461914062,68.48190307617188,228.6300048828125,161.21400451660156,343.85333251953125,38.70000076293945,171.48040771484375,87.05854797363281,139.13099670410156,162.10000610351562,257.1235656738281,148.45416259765625,100.59767150878906,19.69172477722168,59.56953048706055
155.35406494140625,69.68418884277344,231.22999572753906,162.13800048828125,349.8699951171875,38.439998626708984,172.35679626464844,86.95938110351562,139.7864990234375,159.72000122070312,253.48422241210938,147.0548553466797,98.35779571533203,19.970935821533203,60.048824310302734
148.84039306640625,70.85739135742188,226.05999755859375,158.91749572753906,343.5033264160156,37.29999923706055,169.10025024414062,84.83721160888672,136.29049682617188,157.6999969482422,252.27442932128906,145.83419799804688,96.0098648071289,20.06645393371582,59.56953048706055
146.5379638671875,70.886474609375,226.27000427246094,156.2989959716797,331.8833312988281,37.349998474121094,165.5449676513672,82.68529510498047,135.65199279785156,157.22999572753906,251.0350799560547,144.0081787109375,95.16500091552734,20.04441261291504,59.66734313964844
145.2883758544922,71.04161071777344,222.94000244140625,151.66749572753906,332.0899963378906,37.279998779296875,163.83204650878906,82.03079223632812,133.50650024414062,155.80999755859375,248.97933959960938,141.646240234375,94.03524780273438,19.853370666503906,59.42280197143555
142.74981689453125,69.97506713867188,218.6300048828125,142.64300537109375,314.6333312988281,34.81999969482422,161.74072265625,81.53495788574219,130.0919952392578,147.66000366210938,250.4154052734375,141.8645782470703,94.61485290527344,19.55211639404297,59.12936019897461
142.6219024658203,70.57621765136719,223.02999877929688,144.54400634765625,310.0,35.060001373291016,160.95394897460938,81.73329162597656,130.3719940185547,152.9499969482422,249.45147705078125,144.89141845703125,96.37335205078125,19.35373306274414,58.65006637573242
144.17652893066406,72.65113067626953,215.38999938964844,139.98599243164062,306.1333312988281,34.16999816894531,159.1215362548828,80.39453125,126.7354965209961,145.88999938964844,246.56951904296875,144.3753662109375,95.30253601074219,19.45659828186035,58.51312255859375
145.54420471191406,71.91423797607422,211.0,138.87249755859375,312.4700012207031,33.619998931884766,159.03192138671875,78.92686462402344,129.24000549316406,140.3300018310547,245.7531280517578,142.8966827392578,93.89771270751953,17.818071365356445,58.29793167114258
142.9761199951172,72.8353500366211,212.74000549316406,139.6374969482422,276.3666687011719,33.84000015258789,158.56385803222656,79.11528015136719,129.12100219726562,136.80999755859375,244.6613311767578,143.541748046875,93.64228057861328,17.722553253173828,58.346839904785156
144.25523376464844,72.990478515625,222.1300048828125,143.97799682617188,282.1166687011719,35.27000045776367,169.62808227539062,79.80945587158203,133.2895050048828,143.80999755859375,251.89080810546875,144.80210876464844,95.49901580810547,18.52344512939453,59.510841369628906
146.21328735351562,73.6498031616211,232.6300048828125,149.57350158691406,312.239990234375,37.5099983215332,174.0597381591797,80.48379516601562,135.69850158691406,154.27999877929688,255.1957244873047,146.94569396972656,96.5894775390625,18.736528396606445,59.6771240234375
148.72230529785156,78.3716812133789,232.1199951171875,151.19349670410156,310.4166564941406,38.119998931884766,173.8904266357422,80.36479187011719,137.8784942626953,155.67999267578125,254.74325561523438,147.0945587158203,97.02173614501953,17.942981719970703,59.23695755004883
147.53175354003906,78.16807556152344,225.00999450683594,150.6125030517578,301.88665771484375,36.5099983215332,175.1153564453125,81.8126220703125,148.0364990234375,148.11000061035156,257.97930908203125,147.5808563232422,96.0098648071289,18.031152725219727,59.84341049194336
146.31166076660156,77.25666809082031,212.77000427246094,138.8455047607422,297.0466613769531,34.47999954223633,172.18746948242188,81.25729370117188,142.65049743652344,137.94000244140625,256.3662109375,144.20664978027344,94.2513656616211,18.045848846435547,60.264015197753906
150.1096649169922,78.93405151367188,219.22999572753906,157.63949584960938,307.7733459472656,36.939998626708984,171.8983154296875,81.42587280273438,143.01600646972656,144.10000610351562,255.79568481445312,144.28604125976562,93.32791137695312,17.693161010742188,59.62821578979492
150.61148071289062,79.88424682617188,216.97000122070312,157.9355010986328,302.4466552734375,36.040000915527344,171.17039489746094,80.0672836303711,138.93800354003906,141.44000244140625,255.5891571044922,144.03794860839844,93.51457214355469,17.58294677734375,60.254234313964844
153.44522094726562,77.81902313232422,217.42999267578125,161.4134979248047,307.3333435058594,35.97999954223633,174.33135986328125,80.11687469482422,139.21299743652344,142.69000244140625,255.8153839111328,142.440185546875,93.24931335449219,17.590295791625977,60.64550018310547
154.0847930908203,77.44649505615234,222.0399932861328,161.1894989013672,310.6666564941406,37.83000183105469,175.77720642089844,82.75470733642578,141.4530029296875,149.60000610351562,255.59896850585938,145.14942932128906,95.42042541503906,18.00176239013672,59.70647048950195
153.44522094726562,76.7014389038086,217.6699981689453,159.0034942626953,301.51666259765625,37.08000183105469,171.6290740966797,81.16803741455078,138.6024932861328,145.72000122070312,252.65802001953125,143.72039794921875,94.10720825195312,17.818071365356445,60.03904724121094
151.44781494140625,78.63269805908203,207.89999389648438,153.2935028076172,286.6666564941406,35.84000015258789,168.1590118408203,79.08554077148438,134.1300048828125,141.24000549316406,250.97605895996094,139.1156005859375,92.54714965820312,17.729900360107422,58.97285461425781
150.04080200195312,77.42689514160156,206.39999389648438,155.16700744628906,291.9200134277344,35.689998626708984,168.39833068847656,78.29219818115234,135.3000030517578,142.08999633789062,249.23507690429688,140.51490783691406,92.46815490722656,17.671119689941406,59.35433578491211
152.2349853515625,76.45635223388672,214.25,156.510498046875,307.4766540527344,36.97999954223633,172.2971649169922,79.10536193847656,136.42550659179688,146.89999389648438,249.64817810058594,144.47462463378906,93.31730651855469,17.884201049804688,59.579307556152344
152.51048278808594,76.80927276611328,211.74000549316406,158.10049438476562,307.7966613769531,36.2400016784668,172.057861328125,78.53020477294922,137.4875030517578,138.50999450683594,248.94000244140625,145.37770080566406,93.97885131835938,17.590295791625977,59.56953048706055
148.99781799316406,76.69164276123047,200.02999877929688,154.65249633789062,292.1166687011719,35.43000030517578,168.39833068847656,74.90069580078125,132.30850219726562,129.3800048828125,246.81541442871094,141.71571350097656,91.87572479248047,17.458036422729492,60.762874603271484
149.69642639160156,75.8387451171875,196.83999633789062,152.60150146484375,285.6600036621094,34.31999969482422,166.8228302001953,73.94869232177734,130.46749877929688,126.95999908447266,246.49082946777344,141.8645782470703,92.16206359863281,17.538860321044922,61.17369842529297
149.43075561523438,74.9564437866211,195.1300048828125,150.19749450683594,273.84332275390625,32.93000030517578,163.85133361816406,73.50244903564453,129.40249633789062,126.61000061035156,248.55638122558594,137.14071655273438,91.93496704101562,17.4506893157959,60.919376373291016
146.3018341064453,75.26034545898438,190.5399932861328,144.82699584960938,254.67999267578125,32.7599983215332,159.61346435546875,71.86619567871094,127.58499908447266,120.0999984741211,243.72689819335938,135.79104614257812,88.51863098144531,17.27434539794922,60.24445724487305
142.22833251953125,74.3094253540039,204.2899932861328,151.35800170898438,266.92333984375,34.97999954223633,162.27584838867188,74.18669128417969,132.67349243164062,126.97000122070312,241.0121612548828,136.1284637451172,89.8614730834961,17.0686092376709,59.18804931640625
145.5933837890625,76.3093032836914,208.08999633789062,153.7884979248047,269.9566650390625,35.290000915527344,164.37982177734375,75.71385955810547,134.51950073242188,125.31999969482422,245.35968017578125,137.74609375,91.41165924072266,17.56825065612793,61.47692108154297
139.5225067138672,76.87789916992188,210.52999877929688,153.56300354003906,290.1433410644531,35.54999923706055,164.6490478515625,75.33702850341797,134.89100646972656,132.60000610351562,242.0957489013672,135.51316833496094,90.63162231445312,17.40660285949707,60.88025665283203
134.25840759277344,77.61315155029297,208.88999938964844,151.14199829101562,288.1233215332031,35.560001373291016,162.73451232910156,75.37670135498047,134.16799926757812,122.77999877929688,237.0118865966797,131.21603393554688,89.00244903564453,17.289039611816406,60.616153717041016
137.04296875,78.9464111328125,210.38999938964844,152.05250549316406,293.2966613769531,34.619998931884766,166.08494567871094,77.62777709960938,134.75149536132812,121.61000061035156,238.30758666992188,134.64976501464844,91.59925842285156,17.502120971679688,61.066104888916016
136.06886291503906,79.44638061523438,204.75,147.89849853515625,279.7633361816406,33.4900016784668,165.75587463378906,77.59803771972656,134.30799865722656,113.11000061035156,234.064453125,132.95277404785156,90.37490844726562,17.56825065612793,61.105228424072266
132.24134826660156,82.4364013671875,203.00999450683594,145.64100646972656,279.42999267578125,33.38999938964844,162.70460510253906,75.85269927978516,132.1219940185547,108.94000244140625,233.23362731933594,130.4810028076172,88.89383697509766,17.538860321044922,61.20304489135742
127.13471984863281,85.40682220458984,196.22999572753906,137.4530029296875,268.1933288574219,32.41999816894531,158.8456573486328,73.70077514648438,126.4645004272461,107.87999725341797,221.87905883789062,123.77692413330078,83.39413452148438,17.318431854248047,59.745601654052734
126.23932647705078,86.05384063720703,192.0800018310547,136.01449584960938,274.79998779296875,32.68000030517578,156.99095153808594,72.71903228759766,127.27850341796875,108.48999786376953,220.3558807373047,120.56413269042969,82.93994140625,16.899612426757812,57.37846755981445
131.29676818847656,81.16197204589844,203.16000366210938,139.2790069580078,286.3233337402344,34.369998931884766,162.4852294921875,75.46595001220703,133.86599731445312,109.08000183105469,220.0393829345703,126.27354431152344,86.49449920654297,17.090652465820312,57.67190933227539
129.7421417236328,83.68143463134766,200.14999389648438,146.8175048828125,279.4333190917969,34.119998931884766,158.06788635253906,76.01136779785156,132.6820068359375,103.33000183105469,219.5745086669922,125.35844421386719,86.06006622314453,17.03921890258789,56.615509033203125
126.8198471069336,83.25008392333984,197.89999389648438,145.52450561523438,265.1166687011719,33.0,154.28868103027344,77.17161560058594,130.47549438476562,98.12000274658203,224.39129638671875,121.97657012939453,81.68596649169922,17.03921890258789,56.654632568359375
128.07928466796875,80.26985931396484,193.1199951171875,141.85299682617188,255.4566650390625,33.029998779296875,150.19039916992188,76.42786407470703,126.74099731445312,94.63999938964844,223.70883178710938,116.94353485107422,78.28937530517578,16.818790435791016,57.69941329956055
130.35218811035156,75.70149993896484,196.13999938964844,147.3665008544922,267.2966613769531,33.970001220703125,154.64764404296875,79.92845916748047,129.66050720214844,98.97000122070312,230.02903747558594,118.76377868652344,82.071044921875,16.965744018554688,58.76390075683594
136.17709350585938,75.41719818115234,205.57000732421875,153.10400390625,280.07666015625,35.369998931884766,159.1348114013672,79.29378509521484,133.6905059814453,106.83999633789062,235.53817749023438,124.5229263305664,86.3069076538086,17.03921890258789,58.606197357177734
137.89898681640625,77.42689514160156,210.41000366210938,157.23899841308594,290.5333251953125,37.29999923706055,160.16188049316406,79.92845916748047,134.60049438476562,111.29000091552734,234.87548828125,126.7311019897461,86.55374908447266,17.03921890258789,59.22715377807617
137.84979248046875,77.12298583984375,218.8000030517578,161.25050354003906,301.7966613769531,37.77000045776367,163.5122833251953,80.99945831298828,136.80149841308594,116.27999877929688,236.3096466064453,130.5406951904297,88.4692611694336,17.061262130737305,59.23701095581055
137.40701293945312,80.58356475830078,213.72000122070312,161.4915008544922,307.0533447265625,37.439998626708984,164.90830993652344,80.28545379638672,136.47850036621094,116.87000274658203,232.74899291992188,129.49627685546875,85.76384735107422,17.01717758178711,59.710121154785156
140.32931518554688,80.23064422607422,218.2100067138672,164.88900756835938,331.32666015625,38.43000030517578,168.3385009765625,81.11846160888672,140.27749633789062,119.80000305175781,235.5183868408203,132.38082885742188,86.78084564208984,17.053913116455078,59.92695617675781
137.53494262695312,81.49527740478516,211.11000061035156,163.4080047607422,333.03668212890625,38.0,169.7245330810547,79.72020721435547,138.5034942626953,116.80999755859375,233.5402374267578,132.2913055419922,85.13192749023438,17.053913116455078,59.5327033996582
138.43032836914062,81.74036407470703,213.97999572753906,163.64950561523438,337.97332763671875,38.81999969482422,173.5735321044922,81.5547866821289,141.31199645996094,117.75,237.635009765625,131.37620544433594,86.02056121826172,17.142087936401367,60.104373931884766
139.64056396484375,83.52457427978516,211.02999877929688,164.77349853515625,336.8800048828125,38.599998474121094,174.22166442871094,81.04904174804688,141.52149963378906,113.93000030517578,238.9405975341797,132.98757934570312,86.34639739990234,17.516817092895508,60.64647674560547
138.607421875,81.18157196044922,215.27999877929688,168.99049377441406,363.9466552734375,39.119998931884766,175.0991668701172,82.90345764160156,141.9499969482422,117.44999694824219,240.28573608398438,134.09165954589844,87.26465606689453,17.538860321044922,61.0308723449707
138.91244506835938,80.75022888183594,221.2899932861328,169.31500244140625,366.5233459472656,40.689998626708984,178.44956970214844,83.58771514892578,143.25,126.26000213623047,245.45858764648438,138.3986053466797,90.07869720458984,17.627031326293945,61.26742935180664
138.28271484375,82.13249969482422,214.94000244140625,166.30099487304688,364.663330078125,39.0,177.26296997070312,82.66545867919922,142.64450073242188,122.38999938964844,246.30918884277344,137.80178833007812,89.88121795654297,17.737247467041016,61.31671142578125
134.13050842285156,80.96589660644531,212.32000732421875,162.99749755859375,359.20001220703125,38.689998626708984,174.1119842529297,82.04071044921875,139.64950561523438,117.2300033569336,244.57830810546875,133.84298706054688,89.82197570800781,17.36251449584961,61.1097297668457
133.13673400878906,81.48548126220703,212.25,163.55999755859375,361.5299987792969,39.310001373291016,173.81283569335938,81.32670593261719,140.6999969482422,118.0199966430664,246.5267791748047,132.8085479736328,90.33541107177734,17.61968231201172,61.96723556518555
133.7270965576172,81.52469635009766,218.85000610351562,168.34649658203125,381.8166809082031,49.970001220703125,177.93106079101562,83.36953735351562,143.6425018310547,124.27999877929688,244.13323974609375,133.62416076660156,86.97831726074219,17.766637802124023,61.641971588134766
132.17086791992188,81.1031494140625,210.13999938964844,164.05499267578125,363.7533264160156,50.97999954223633,174.56069946289062,82.24895477294922,141.06300354003906,122.0199966430664,245.79486083984375,131.5950469970703,83.05842590332031,17.55355453491211,61.57297897338867
130.33709716796875,82.00505828857422,200.82000732421875,158.75599670410156,348.586669921875,50.77000045776367,171.3399200439453,81.435791015625,137.17599487304688,116.08999633789062,248.712646484375,127.67604064941406,82.30801391601562,17.656423568725586,62.19392776489258
129.94058227539062,83.37753295898438,200.16000366210938,157.7845001220703,352.4200134277344,48.029998779296875,171.64901733398438,81.17694854736328,136.46499633789062,114.31999969482422,251.58096313476562,128.6905975341797,82.071044921875,17.435993194580078,62.529048919677734
132.31954956054688,85.13232421875,197.1699981689453,154.4604949951172,341.8299865722656,46.22999954223633,169.60487365722656,80.57962036132812,134.010498046875,110.9000015258789,248.712646484375,127.46714782714844,80.49122619628906,17.737247467041016,62.9134521484375
131.83384704589844,82.20111846923828,195.4499969482422,151.1219940185547,325.30999755859375,47.0099983215332,165.27725219726562,79.40487670898438,129.79649353027344,109.05000305175781,247.7136688232422,124.31404876708984,79.66183471679688,19.096651077270508,62.89373779296875
130.3866424560547,83.91670989990234,194.80999755859375,150.78750610351562,328.98333740234375,44.47999954223633,167.1818084716797,78.97679138183594,128.37449645996094,106.58000183105469,246.44766235351562,124.37372589111328,78.78306579589844,19.028553009033203,63.632965087890625
126.18382263183594,85.10291290283203,195.72000122070312,155.54100036621094,340.7900085449219,45.849998474121094,169.9139862060547,79.39491271972656,130.28599548339844,114.88999938964844,248.5840606689453,126.8106689453125,79.8988037109375,19.16473960876465,63.80052947998047
125.01417541503906,86.10285949707031,189.41000366210938,151.7064971923828,328.3333435058594,45.08000183105469,164.8185577392578,79.09624481201172,127.25299835205078,110.30999755859375,247.7730255126953,132.74887084960938,78.4967269897461,19.28316307067871,64.08636474609375
127.33365631103516,86.80870056152344,187.00999450683594,152.78500366210938,334.7633361816406,48.45000076293945,164.5991973876953,77.8717269897461,127.96099853515625,105.73999786376953,248.31700134277344,130.92861938476562,78.595458984375,19.204212188720703,63.51469421386719
129.97032165527344,86.03424072265625,191.38999938964844,158.11549377441406,342.7166748046875,46.15999984741211,166.9225311279297,79.20575714111328,130.531005859375,111.18000030517578,252.60958862304688,136.31973266601562,80.19502258300781,19.23381996154785,64.1356430053711
130.42630004882812,86.23030090332031,186.22999572753906,153.9980010986328,325.73333740234375,46.720001220703125,166.75302124023438,79.93251037597656,128.24549865722656,103.69999694824219,253.0546875,135.14601135253906,79.15827178955078,19.17460823059082,65.01286315917969
129.4152374267578,85.31858825683594,177.22999572753906,148.29600524902344,336.260009765625,47.08000183105469,165.94532775878906,79.1261215209961,124.9375,100.94999694824219,252.46124267578125,134.73822021484375,77.96353912353516,19.944355010986328,65.25927734375
125.6981201171875,83.4559555053711,171.42999267578125,144.35000610351562,335.01666259765625,48.93000030517578,161.3285369873047,75.87067413330078,119.61399841308594,100.16999816894531,247.43673706054688,128.38226318359375,76.93666076660156,19.263425827026367,64.31305694580078
125.6584701538086,80.64239501953125,174.57000732421875,146.07400512695312,332.67333984375,51.70000076293945,162.41543579101562,76.63725280761719,123.25,102.44000244140625,250.11712646484375,127.25827026367188,76.99591064453125,19.253557205200195,64.99315643310547
121.94134521484375,80.67180633544922,170.0800018310547,139.39100646972656,292.1400146484375,49.68000030517578,156.352783203125,74.1782455444336,119.50599670410156,98.36000061035156,245.86410522460938,119.8778076171875,74.67556762695312,19.046316146850586,64.11593627929688
120.35537719726562,82.97559356689453,174.67999267578125,138.16700744628906,293.836669921875,48.63999938964844,156.12344360351562,74.42713928222656,115.02050018310547,97.62000274658203,244.43983459472656,120.5939712524414,73.79679107666016,18.819339752197266,64.61860656738281
122.258544921875,85.48524475097656,185.74000549316406,144.59649658203125,292.5033264160156,49.11000061035156,163.1732635498047,75.80098724365234,119.4114990234375,102.55999755859375,251.41282653808594,126.3730239868164,75.61357879638672,19.16473960876465,65.23956298828125
118.31344604492188,83.57359313964844,175.94000244140625,124.28150177001953,290.2533264160156,49.02000045776367,157.20034790039062,73.07318878173828,114.96649932861328,99.56999969482422,246.43777465820312,124.03553771972656,73.69805908203125,18.61210060119629,63.6822509765625
119.39388275146484,84.71078491210938,177.57000732421875,124.5,300.9800109863281,49.13999938964844,157.50946044921875,73.67051696777344,117.15699768066406,104.79000091552734,243.94529724121094,125.40818786621094,74.4188461303711,18.868684768676758,62.529048919677734
121.95126342773438,86.45578002929688,178.36000061035156,124.25350189208984,303.0833435058594,48.869998931884766,159.02513122558594,72.96367645263672,118.12950134277344,103.52999877929688,243.1837158203125,122.2053451538086,73.3919677734375,19.0759220123291,62.17422103881836
125.9855728149414,89.8967514038086,185.47999572753906,125.92849731445312,317.5400085449219,49.060001373291016,165.54649353027344,74.87512969970703,122.57499694824219,108.9800033569336,251.54139709472656,125.3882827758789,80.6097183227539,19.687774658203125,64.0962142944336
122.83345794677734,88.53408813476562,172.3000030517578,116.40699768066406,291.09332275390625,50.36000061035156,156.3228759765625,72.47586059570312,116.74649810791016,100.83999633789062,246.2003936767578,117.99787902832031,76.5022201538086,19.687774658203125,63.58368682861328
122.63521575927734,89.88695526123047,169.6999969482422,114.77249908447266,288.54998779296875,49.79999923706055,157.06182861328125,72.167236328125,115.66000366210938,96.37999725341797,248.04006958007812,113.87993621826172,75.55432891845703,19.766721725463867,63.81038284301758
120.79151916503906,82.79912567138672,163.60000610351562,108.78900146484375,262.3699951171875,47.959999084472656,151.8490753173828,71.22147369384766,113.08399963378906,92.33999633789062,244.78602600097656,110.61741638183594,72.56256866455078,19.29302978515625,63.6822509765625
117.84756469726562,83.34811401367188,167.14999389648438,108.85900115966797,266.67999267578125,47.2599983215332,154.29566955566406,72.20706176757812,114.58450317382812,90.68000030517578,242.99578857421875,108.90657806396484,70.9531478881836,19.10552978515625,63.09086608886719
117.10414123535156,85.08331298828125,161.27000427246094,105.37200164794922,244.6666717529297,46.09000015258789,146.29678344726562,70.71373748779297,113.96099853515625,84.80000305175781,241.7594451904297,107.3449478149414,69.17585754394531,19.17460823059082,63.38655471801758
117.00502014160156,85.46955871582031,160.4199981689453,106.93049621582031,242.6666717529297,45.08000183105469,142.36224365234375,70.41507720947266,113.16100311279297,84.97000122070312,241.52207946777344,107.32505798339844,69.50399017333984,19.460796356201172,63.58368682861328
118.04580688476562,88.00492095947266,166.91000366210938,113.05500030517578,256.5299987792969,40.720001220703125,146.90594482421875,70.85311889648438,116.5155029296875,94.83999633789062,242.36277770996094,112.40782928466797,75.17169189453125,19.579219818115234,64.77630615234375
117.22309112548828,90.0748062133789,164.1199951171875,110.81050109863281,241.4566650390625,37.38999938964844,145.33811950683594,69.39962005615234,114.7925033569336,88.91999816894531,241.3737030029297,112.00001525878906,72.00970458984375,20.013437271118164,65.01286315917969
121.10871887207031,91.22364807128906,163.72999572753906,115.36849975585938,253.8699951171875,38.31999969482422,149.03298950195312,71.55995178222656,116.70149993896484,90.94000244140625,238.99005126953125,115.28243255615234,73.3023452758789,20.299623489379883,64.83544921875
119.03704071044922,89.77770233154297,157.3300018310547,107.11250305175781,236.60333251953125,36.849998474121094,140.6246795654297,67.99590301513672,112.4010009765625,84.69000244140625,228.52565002441406,108.78722381591797,70.87616729736328,19.964092254638672,60.32121658325195
117.27264404296875,90.26298522949219,155.60000610351562,107.31900024414062,236.47332763671875,37.290000915527344,137.15948486328125,66.74150848388672,110.74549865722656,90.94000244140625,226.49803161621094,105.87284088134766,71.5224838256836,19.944355010986328,59.13844680786133
116.31114959716797,90.9760513305664,159.64999389648438,107.59100341796875,221.3000030517578,38.290000915527344,137.39913940429688,68.32442474365234,109.31300354003906,89.73999786376953,231.35438537597656,107.42452239990234,72.97421264648438,20.131858825683594,60.104373931884766
123.50749206542969,92.98651885986328,160.32000732421875,107.55699920654297,224.96665954589844,37.86000061035156,142.91148376464844,69.7281494140625,111.66649627685547,89.33000183105469,235.3997039794922,108.05116271972656,73.00404357910156,20.467390060424805,61.95738220214844
125.25206756591797,93.49161529541016,156.92999267578125,104.0999984741211,209.3866729736328,35.7599983215332,140.16529846191406,68.72264862060547,105.9260025024414,94.33999633789062,241.84848022460938,106.71830749511719,72.30801391601562,20.881868362426758,63.10071563720703
126.12434387207031,95.37332916259766,159.64999389648438,106.7750015258789,219.60000610351562,37.15999984741211,140.32508850097656,69.51908874511719,105.8395004272461,102.33999633789062,241.3440399169922,107.62345123291016,72.06937408447266,21.02002716064453,63.150001525878906
128.30506896972656,95.7100601196289,162.4600067138672,111.07749938964844,235.91000366210938,39.52000045776367,143.58055114746094,71.3409423828125,108.2959976196289,107.0,245.37945556640625,112.33819580078125,74.06797790527344,21.039766311645508,63.376705169677734
130.1190185546875,96.65090942382812,165.10000610351562,115.14649963378906,253.2100067138672,40.16999816894531,149.43243408203125,72.45594787597656,112.79900360107422,110.41999816894531,249.11814880371094,115.37194061279297,76.27540588378906,21.010160446166992,63.751243591308594
131.07058715820312,95.07621765136719,160.24000549316406,120.20950317382812,252.75332641601562,39.599998474121094,148.633544921875,71.59977722167969,114.03900146484375,107.44999694824219,249.45445251464844,118.21670532226562,78.05526733398438,21.010160446166992,62.469913482666016
128.77093505859375,96.89850616455078,176.07000732421875,121.68399810791016,246.7899932861328,39.29999923706055,148.50372314453125,71.28120422363281,114.13700103759766,107.6500015258789,246.5564727783203,118.04761505126953,75.84783935546875,20.94108009338379,62.164363861083984
130.84262084960938,96.73014068603516,188.39999389648438,125.51100158691406,258.3333435058594,39.90999984741211,151.00025939941406,72.81434631347656,117.74600219726562,112.23999786376953,247.64443969726562,122.7524185180664,78.97004699707031,20.911474227905273,62.81488800048828
129.0187530517578,98.136474609375,184.91000366210938,122.3499984741211,234.51666259765625,40.15999984741211,145.1783447265625,71.4703598022461,114.56400299072266,109.41999816894531,247.0079345703125,120.60358428955078,78.6021499633789,20.625286102294922,62.065799713134766
128.59251403808594,97.88888549804688,182.8699951171875,124.79000091552734,238.27999877929688,39.560001373291016,145.93728637695312,72.64510345458984,117.010498046875,111.01000213623047,246.71951293945312,119.88565063476562,78.53254699707031,20.66476058959961,61.96723556518555
128.92955017089844,102.37529754638672,187.14999389648438,123.0,238.8866729736328,40.130001068115234,148.50372314453125,72.3663558959961,117.22949981689453,115.04000091552734,247.58477783203125,121.32151794433594,79.01976776123047,20.862131118774414,62.34177780151367
126.877685546875,103.58354949951172,189.19000244140625,121.18000030517578,241.86666870117188,40.439998626708984,147.75477600097656,71.06217956542969,117.23799896240234,115.45999908447266,244.2729034423828,122.04943084716797,78.02543640136719,20.773313522338867,61.98694610595703
124.21126556396484,101.34530639648438,187.11000061035156,116.1500015258789,239.7066650390625,39.529998779296875,142.442138671875,68.91180419921875,114.91799926757812,110.4000015258789,240.84169006347656,118.26031494140625,78.46294403076172,20.605548858642578,60.91259765625
118.50177764892578,99.49329376220703,178.4499969482422,109.6500015258789,232.22999572753906,38.97999954223633,136.93978881835938,66.841064453125,111.42749786376953,109.06999969482422,236.08770751953125,114.40140533447266,75.24129486083984,20.418046951293945,60.5281982421875
114.97298431396484,94.92765808105469,166.02999877929688,103.66999816894531,215.73666381835938,37.029998779296875,131.6970672607422,63.76482391357422,106.87650299072266,103.31999969482422,237.17176818847656,110.12368774414062,71.9500503540039,19.50027084350586,60.459205627441406
113.0599136352539,95.17525482177734,164.4499969482422,102.30999755859375,220.88999938964844,37.220001220703125,132.57583618164062,70.40512084960938,107.19400024414062,106.86000061035156,237.46018981933594,110.40288543701172,71.90032958984375,19.194345474243164,58.801292419433594
114.39807891845703,93.97689819335938,168.5500030517578,107.66999816894531,233.0,37.9900016784668,135.2421417236328,69.38966369628906,110.3905029296875,112.93000030517578,237.59942626953125,113.11509704589844,73.76968383789062,19.184476852416992,59.23810577392578
112.43544006347656,90.51057434082031,159.85000610351562,103.66000366210938,213.10000610351562,37.36000061035156,129.8795928955078,68.40406799316406,106.63600158691406,106.08999633789062,233.90963745117188,106.81319427490234,70.54803466796875,18.710784912109375,58.64244842529297
112.0389404296875,85.29129028320312,163.25999450683594,106.22000122070312,216.75999450683594,37.779998779296875,131.37750244140625,67.4184799194336,107.8655014038086,110.0,233.1040496826172,107.03256225585938,71.46282958984375,19.12526512145996,58.99984359741211
114.81439208984375,90.59971618652344,166.8300018310547,108.68000030517578,237.0366668701172,38.90999984741211,135.68153381347656,67.37865447998047,112.01499938964844,113.81999969482422,238.28567504882812,108.36872863769531,72.5466537475586,19.697641372680664,60.260650634765625
114.17008972167969,87.0145492553711,167.4499969482422,108.94999694824219,236.086669921875,38.529998779296875,135.16226196289062,66.23377990722656,112.03399658203125,115.16999816894531,241.73678588867188,104.61949157714844,72.88472747802734,20.05290985107422,60.7073974609375
112.92113494873047,84.39004516601562,173.0500030517578,112.44000244140625,235.07000732421875,38.68000030517578,138.0782012939453,67.3288803100586,112.68450164794922,117.66999816894531,242.2539520263672,107.690673828125,74.77395629882812,20.33909797668457,61.43210983276367
116.29132843017578,86.06378173828125,185.9199981689453,116.45999908447266,245.7066650390625,39.40999984741211,141.4635009765625,70.38520812988281,118.53800201416016,122.63999938964844,246.55043029785156,112.58661651611328,77.66747283935547,20.71410369873047,62.583717346191406
115.35956573486328,88.17328643798828,181.30999755859375,113.22000122070312,244.9199981689453,39.189998626708984,141.4635009765625,70.09650421142578,116.62249755859375,119.81999969482422,245.68516540527344,110.18351745605469,77.23991394042969,20.506864547729492,62.454654693603516
114.80448150634766,90.61951446533203,171.4600067138672,107.4000015258789,232.663330078125,38.790000915527344,137.24935913085938,68.27465057373047,112.57150268554688,113.12999725341797,241.50804138183594,102.48562622070312,75.90750122070312,20.33909797668457,61.82921600341797
114.2890396118164,87.27204895019531,170.61000061035156,108.91999816894531,228.49000549316406,37.79999923706055,139.036865234375,68.90184020996094,112.25650024414062,111.87000274658203,246.3913116455078,102.95427703857422,75.99699401855469,20.67462921142578,62.27595901489258
111.62262725830078,84.81591033935547,165.0399932861328,106.20999908447266,224.47332763671875,37.38999938964844,136.5303497314453,69.55890655517578,109.37249755859375,107.97000122070312,245.53599548339844,101.90727996826172,75.95721435546875,20.68449592590332,62.454654693603516
113.05000305175781,86.70753479003906,168.1999969482422,109.55999755859375,227.26333618164062,38.22999954223633,138.73727416992188,70.55445861816406,109.08100128173828,110.97000122070312,251.58290100097656,100.89020538330078,78.81095886230469,21.029895782470703,63.91401290893555
112.62000274658203,83.99388885498047,172.1999969482422,113.5,233.06666564941406,38.380001068115234,141.36363220214844,71.66946411132812,113.88700103759766,120.41999816894531,250.91653442382812,104.0212173461914,79.0694808959961,20.89173698425293,62.82197570800781
111.88999938964844,82.4786148071289,172.72999572753906,114.33000183105469,231.73333740234375,38.209999084472656,142.7217559814453,71.3409423828125,115.2135009765625,117.05999755859375,250.091064453125,103.93147277832031,78.41322326660156,20.812789916992188,62.95103454589844
114.72000122070312,85.11302185058594,176.63999938964844,116.33000183105469,244.5433349609375,38.790000915527344,146.14700317382812,71.51017761230469,119.30599975585938,120.73999786376953,251.56300354003906,107.82029724121094,78.79106903076172,20.871999740600586,62.454654693603516
114.36000061035156,85.25167846679688,175.5,115.54000091552734,250.76333618164062,36.810001373291016,146.83602905273438,71.55000305175781,120.16850280761719,119.80000305175781,251.8613739013672,107.6208724975586,78.83084106445312,20.799999237060547,62.68299102783203
112.86000061035156,84.81591033935547,174.36000061035156,111.75,234.3433380126953,32.650001525878906,144.66903686523438,71.56999969482422,116.52249908447266,108.37999725341797,251.90113830566406,104.80895233154297,77.45866394042969,20.65999984741211,62.48443603515625
112.97000122070312,83.68687438964844,166.3300018310547,109.22000122070312,233.07000732421875,34.060001373291016,145.6576690673828,70.41000366210938,114.84950256347656,107.98999786376953,250.11094665527344,103.46282196044922,77.3194580078125,20.600000381469727,62.216392517089844
111.91000366210938,84.02360534667969,163.49000549316406,110.4000015258789,237.0399932861328,36.75,145.28819274902344,70.02999877929688,112.18699645996094,101.01000213623047,251.29446411132812,104.80895233154297,77.47854614257812,20.450000762939453,61.92849349975586
108.0,82.3399658203125,161.0399932861328,110.62999725341797,238.31333923339844,36.290000915527344,148.26405334472656,69.44999694824219,111.44000244140625,97.3499984741211,251.224853515625,102.92436981201172,77.7569580078125,20.329999923706055,61.72993850708008
112.94999694824219,83.72649383544922,167.3800048828125,113.55000305175781,240.06666564941406,37.7400016784668,149.96170043945312,70.73999786376953,112.76699829101562,99.8499984741211,253.62171936035156,104.4001235961914,79.1689224243164,20.56999969482422,62.04762268066406
111.79000091552734,85.27147674560547,167.88999938964844,113.76000213623047,240.54666137695312,38.40999984741211,146.86599731445312,70.20999908447266,109.91000366210938,98.91999816894531,251.0458221435547,103.64230346679688,79.77546691894531,20.530000686645508,61.20377731323242
114.55999755859375,87.42059326171875,173.80999755859375,118.20999908447266,245.52999877929688,39.4900016784668,150.79054260253906,72.23999786376953,114.62000274658203,102.08000183105469,255.10362243652344,108.87726593017578,82.08232116699219,20.799999237060547,62.0774040222168
114.54000091552734,88.38126373291016,182.4499969482422,122.7699966430664,247.5,39.599998474121094,152.8277130126953,72.58999633789062,114.69999694824219,107.08999633789062,253.19407653808594,110.7917709350586,82.7982406616211,20.479999542236328,61.05486297607422
115.31999969482422,86.90560150146484,185.35000610351562,124.62999725341797,271.7066650390625,39.52000045776367,155.134521484375,74.54000091552734,115.04000091552734,110.8499984741211,252.09011840820312,111.30030822753906,83.06671142578125,18.920000076293945,60.91587448120117
114.76000213623047,86.24205017089844,182.47000122070312,122.41999816894531,272.24334716796875,39.84000015258789,153.87625122070312,74.9000015258789,108.36000061035156,106.55000305175781,252.60728454589844,108.8074722290039,83.11642456054688,18.399999618530273,61.14421081542969
115.22000122070312,89.11415100097656,177.2899932861328,121.13999938964844,268.4333190917969,39.2400016784668,152.7378387451172,74.86000061035156,108.20999908447266,106.0999984741211,249.01693725585938,108.96701049804688,81.03826904296875,18.530000686645508,61.739864349365234
113.41999816894531,88.76750946044922,170.4600067138672,114.80999755859375,258.8599853515625,39.34000015258789,151.3897247314453,74.02999877929688,105.44000244140625,100.33000183105469,255.69039916992188,104.89868927001953,79.85501098632812,18.299999237060547,62.75248336791992
115.23999786376953,90.6888427734375,180.3000030517578,120.97000122070312,274.82000732421875,39.849998474121094,156.572509765625,75.87000274658203,113.5999984741211,105.91000366210938,257.4806213378906,107.55107879638672,82.48999786376953,18.389999389648438,62.55392837524414
114.80999755859375,91.74855041503906,181.2899932861328,122.27999877929688,280.8999938964844,40.88999938964844,157.13174438476562,77.04000091552734,114.58999633789062,106.22000122070312,262.0257263183594,111.90856170654297,84.1903076171875,18.579999923706055,63.59632873535156
115.36000061035156,95.99726867675781,184.02000427246094,134.9499969482422,297.1499938964844,41.61000061035156,162.28457641601562,77.83999633789062,116.63999938964844,103.86000061035156,261.93621826171875,114.59085083007812,84.2996826171875,18.780000686645508,63.70553207397461
114.20999908447266,93.57084655761719,182.97999572753906,135.38999938964844,297.27667236328125,40.88999938964844,161.2859649658203,77.44000244140625,115.4800033569336,105.38999938964844,262.7915344238281,113.9726333618164,84.428955078125,18.729999542236328,64.0530014038086
112.43000030517578,93.16478729248047,183.7899932861328,134.16000366210938,300.586669921875,40.97999954223633,159.7880401611328,76.3499984741211,115.9000015258789,108.16000366210938,259.62884521484375,111.44987487792969,83.23574829101562,18.360000610351562,63.17937088012695
113.61000061035156,90.14413452148438,189.64999389648438,139.52000427246094,307.39666748046875,41.0,165.89956665039062,77.37000274658203,118.77999877929688,112.97000122070312,260.6631774902344,113.95269012451172,86.77557373046875,18.3700008392334,63.45734405517578
112.36000061035156,86.35099792480469,191.27000427246094,142.57000732421875,308.6333312988281,41.060001373291016,165.5800018310547,77.4000015258789,118.87000274658203,112.86000061035156,259.2210998535156,114.15211486816406,86.38778686523438,18.270000457763672,63.20915222167969
115.76000213623047,87.59886169433594,190.1699981689453,140.8000030517578,288.1700134277344,42.52000045776367,165.35000610351562,77.3499984741211,118.22000122070312,113.8499984741211,257.8187561035156,113.54386138916016,85.24430847167969,18.350000381469727,62.9212532043457
114.3499984741211,88.09405517578125,189.75,139.41000366210938,290.42333984375,42.939998626708984,164.8699951171875,76.47000122070312,118.13999938964844,114.73999786376953,255.4019775390625,113.67349243164062,85.23435974121094,18.0,62.51422119140625
115.37999725341797,89.71826934814453,182.24000549316406,137.8300018310547,283.3333435058594,42.83000183105469,164.9199981689453,76.7699966430664,117.5,105.29000091552734,258.64422607421875,109.79463195800781,84.35934448242188,18.100000381469727,62.59364318847656
118.38999938964844,90.56999969482422,188.61000061035156,142.69000244140625,294.3566589355469,44.43000030517578,169.24000549316406,77.54000091552734,120.6500015258789,112.01000213623047,259.9371337890625,112.81595611572266,85.99999237060547,18.010000228881836,63.189300537109375
120.13999938964844,93.19000244140625,186.72999572753906,140.63999938964844,286.6300048828125,43.939998626708984,168.49000549316406,77.16000366210938,119.81999969482422,108.05999755859375,257.86846923828125,113.77320098876953,87.2699966430664,18.040000915527344,62.762413024902344
122.12999725341797,94.0,189.88999938964844,143.5500030517578,300.0299987792969,44.2599983215332,172.10000610351562,79.1500015258789,122.6500015258789,109.5199966430664,260.752685546875,115.73756408691406,88.30999755859375,18.270000457763672,63.23893737792969
122.45999908447266,92.31999969482422,191.05999755859375,143.17999267578125,309.32000732421875,44.5,173.19000244140625,79.11000061035156,122.87999725341797,113.2300033569336,263.9949645996094,115.98684692382812,89.16000366210938,18.389999389648438,64.03314971923828
123.62999725341797,91.45999908447266,189.58999633789062,144.77999877929688,306.5633239746094,44.400001525878906,173.02999877929688,79.5199966430664,122.51000213623047,109.19000244140625,264.84033203125,117.72186279296875,89.4000015258789,18.56999969482422,64.55931091308594
122.58999633789062,92.19999694824219,187.9600067138672,142.10000610351562,303.9966735839844,43.9900016784668,174.5500030517578,79.25,120.31999969482422,102.37999725341797,265.367431640625,116.70478057861328,88.3499984741211,18.420000076293945,64.41039276123047
121.63999938964844,94.37999725341797,187.92999267578125,142.3000030517578,302.8699951171875,43.86000061035156,174.14999389648438,79.31999969482422,120.86000061035156,103.18000030517578,265.12872314453125,115.677734375,88.55000305175781,18.43000030517578,64.74794006347656
118.62999725341797,94.08000183105469,183.77000427246094,138.22999572753906,296.6666564941406,43.9900016784668,171.52000427246094,78.66000366210938,118.12000274658203,99.5,265.0889587402344,112.83589935302734,86.91999816894531,18.43000030517578,64.69829559326172
116.66999816894531,94.01000213623047,176.97999572753906,133.22000122070312,289.913330078125,43.0099983215332,167.57000732421875,76.45999908447266,115.06999969482422,97.44000244140625,261.5185241699219,110.02397155761719,84.94999694824219,18.1299991607666,63.73531723022461
115.5199966430664,98.0,176.0,133.6199951171875,296.4533386230469,39.86000061035156,167.22999572753906,76.41000366210938,114.7699966430664,81.31999969482422,259.12164306640625,110.36299896240234,84.69000244140625,18.059999465942383,63.8048095703125
115.80000305175781,98.58000183105469,180.00999450683594,133.8000030517578,297.0966796875,40.790000915527344,167.52999877929688,76.16999816894531,114.69999694824219,83.61000061035156,259.43988037109375,111.09091186523438,86.05000305175781,18.010000228881836,63.894161224365234
118.55000305175781,99.08999633789062,173.91000366210938,137.27999877929688,296.07000732421875,41.04999923706055,170.02999877929688,76.88999938964844,117.69999694824219,85.72000122070312,261.130615234375,112.8957290649414,87.38999938964844,18.09000015258789,64.20191192626953
114.66999816894531,97.87000274658203,165.22999572753906,130.75,288.0899963378906,40.459999084472656,163.6199951171875,74.6500015258789,111.30000305175781,81.41000366210938,255.55117797851562,107.9698715209961,84.05999755859375,17.889999389648438,62.6532096862793
114.38999938964844,100.12000274658203,160.2100067138672,129.7899932861328,284.82000732421875,40.040000915527344,161.3800048828125,74.19000244140625,110.33999633789062,81.0,254.2681884765625,107.57101440429688,84.12000274658203,17.780000686645508,62.27595901489258
114.41000366210938,96.30999755859375,159.6699981689453,128.72999572753906,277.70001220703125,39.31999969482422,158.91000366210938,74.13999938964844,109.91000366210938,81.41999816894531,252.11001586914062,107.55107879638672,83.41000366210938,17.81999969482422,61.700157165527344
113.7300033569336,95.58999633789062,156.1199951171875,126.7699966430664,275.6099853515625,38.75,157.22000122070312,74.1500015258789,109.1500015258789,80.4000015258789,252.27999877929688,106.14511108398438,84.06999969482422,17.540000915527344,61.26333999633789
